{
  "Logistic Regression": {
    "accuracy": 0.8530631045601106,
    "precision": 0.7434262948207171,
    "recall": 0.5950255102040817,
    "f1_score": 0.6609989373007439,
    "roc_auc": 0.9047097150285797
  },
  "Random Forest": {
    "accuracy": 0.8590511285122063,
    "precision": 0.7744932432432432,
    "recall": 0.5848214285714286,
    "f1_score": 0.6664244186046512,
    "roc_auc": 0.9113028388807495
  },
  "XGBoost": {
    "accuracy": 0.8704130201136189,
    "precision": 0.7832550860719875,
    "recall": 0.6383928571428571,
    "f1_score": 0.7034434293745608,
    "roc_auc": 0.9227873315655889
  }
}