,accuracy,precision,recall,f1_score,roc_auc
XGBoost,0.8704130201136189,0.7832550860719875,0.6383928571428571,0.7034434293745608,0.9227873315655889
Random Forest,0.8590511285122063,0.7744932432432432,0.5848214285714286,0.6664244186046512,0.9113028388807495
Logistic Regression,0.8530631045601106,0.7434262948207171,0.5950255102040817,0.6609989373007439,0.9047097150285797
